{
  "project_info": {
    "project_number": "127332768641",
    "firebase_url": "https://realtime-camera-b08fe.firebaseio.com",
    "project_id": "realtime-camera-b08fe",
    "storage_bucket": "realtime-camera-b08fe.appspot.com"
  },
  "client": [
    {
      "client_info": {
        "mobilesdk_app_id": "1:127332768641:android:71762810326febfa8ca680",
        "android_client_info": {
          "package_name": "com.example.realtime_camera"
        }
      },
      "oauth_client": [
        {
          "client_id": "127332768641-o8hkb7mmub4hhmsfarpnf96p84ec4uom.apps.googleusercontent.com",
          "client_type": 3
        }
      ],
      "api_key": [
        {
          "current_key": "AIzaSyCpqUtn-28dqRcw1HV9_q90fkoERXwmJUM"
        }
      ],
      "services": {
        "appinvite_service": {
          "other_platform_oauth_client": [
            {
              "client_id": "127332768641-o8hkb7mmub4hhmsfarpnf96p84ec4uom.apps.googleusercontent.com",
              "client_type": 3
            }
          ]
        }
      }
    }
  ],
  "configuration_version": "1"
}